LIST_NUM;LIST_NAME;CAND_NUM;CAND_NAME;CAND_PICTURE
1;TEAM K;1;K�llensperger Paul ;1 Paul Kollensperger.jpg
1;TEAM K;2;Rieder Maria Elisabeth;2 Maria Rieder.jpg
1;TEAM K;3;Perasso Davide ;3 Davide Perasso.jpg
1;TEAM K;4;Dragogna Giuliana ;4 Giuliana Dragogna.jpg
1;TEAM K;5;Ploner Franz;5 Franz Ploner.jpg
1;TEAM K;6;Sleiter Eugen;6 Eugen Sleiter.jpg
1;TEAM K;7;Senfter Ausserhofer Monika ;7 Monika Senfter Ausserhofer.jpg
1;TEAM K;8;Ploner Alex ;8 Alex Ploner.jpg
1;TEAM K;9;Peintner Christian Patrick ;9 Christian Peintner.jpg
1;TEAM K;10;Hainz Roland ;10 Roland Hainz.jpg
1;TEAM K;11;Avesani Barbara ;11 Barbara Avesani.jpg
1;TEAM K;12;Perrini Stefano (Stefan);12 Stefan Perini.jpg
1;TEAM K;13;Fink Margareth;13 Margareth Fink.JPG
1;TEAM K;14;Abram Lukas;14 Lukas Abram.jpg
1;TEAM K;15;Hafner Markus ;15 Markus Hafner.jpg
1;TEAM K;16;Mahlknecht Sabine;16 Sabine Mahlknecht.jpg
1;TEAM K;17;Z�ssmayr Thomas ;17 Thomas Zossmayer.jpg
1;TEAM K;18;Aichner Elmar ;18 Elmar Aichner.jpg
1;TEAM K;19;Del Marco Giada ;19 Giada Del Marco.jpg
1;TEAM K;20;Cologna Matthias;20 Matthias Cologna.jpg
1;TEAM K;21;Lochmann Martin ;21 Martin Lochmann.jpg
1;TEAM K;22;Russo Lucia ;22 Lucia Russo.jpg
1;TEAM K;23;Marangoni Tommaso ;23 Tommaso Marangoni.jpg
1;TEAM K;24;Rainer Tanja ;24 Tanja Rainer.jpg
1;TEAM K;25;Doneg� Walter;25 Walter Donega.jpg
1;TEAM K;26;Kurz Dorothea ;26 Dorothea Kurz.jpg
1;TEAM K;27;Schaffler Rolando ;27 Rolando Schaffler.jpg
1;TEAM K;28;Dejaco Ingeborg ;28 Ingeborg Dejaco.jpg
1;TEAM K;29;Sprenger Markus;29 Markus Sprenger.jpg
1;TEAM K;30;Trevisani Katia;30 Katia Trevisani.jpg
1;TEAM K;31;Ruffa Josef ;31 Joseg Ruffa.jpg
1;TEAM K;32;Kiem Sabine;32 Sabine Kiem.jpg
1;TEAM K;33;Piani Gianguido ;33 Gianguido Piani.jpg
1;TEAM K;34;Theiner Michaela ;34 Michi Theiner.jpeg
1;TEAM K;35;Mongelli Mauro ;35 Mauro Mongelli.JPG
2;MOVIMENTO 5 STELLE;1;Nicolini Diego;1 DIEGO NICOLINI.jpg
2;MOVIMENTO 5 STELLE;2;Fortini Maria Teresa;2 MARIATERESA FORTINI.jpg
2;MOVIMENTO 5 STELLE;3;Morrone Francesca;3 FRANCESCA MORRONE.jpg
2;MOVIMENTO 5 STELLE;4;Falk Markus;4 MARKUS FALK.jpg
2;MOVIMENTO 5 STELLE;5;Barbieri Davide;5 DAVIDE BARBIERI.jpg
2;MOVIMENTO 5 STELLE;6;Cosenza Jacopo;6 JACOPO COSENZA.jpg
2;MOVIMENTO 5 STELLE;7;Valle Adriana;7 ADRIANA VALLE.jpg
2;MOVIMENTO 5 STELLE;8;Lucchi Simonetta;8 SIMONETTA LUCCHI.jpg
2;MOVIMENTO 5 STELLE;9;Aufderklamm Martin (Martino);9 MARTIN AUFDERKLAMM.jpg
2;MOVIMENTO 5 STELLE;10;Antholzer Sonia;10 SONIA ANTHOLZER.jpg
2;MOVIMENTO 5 STELLE;11;Giacomoni Paolo;11 PAOLO GIACOMONI.jpeg
2;MOVIMENTO 5 STELLE;12;Menegon Lorenzo;12 LORENZO MENEGON.jpg
2;MOVIMENTO 5 STELLE;13;Volpotti Fabio;13 FABIO VOLPOTTI.jpg
2;MOVIMENTO 5 STELLE;14;Natale Marco;14 MARCO NATALE.jpg
2;MOVIMENTO 5 STELLE;15; Jara de la Cruz Aurea;15 AUREA JARA DE LA CRUZ.jpg
2;MOVIMENTO 5 STELLE;16;Franchi Marialuisa;16 MARIALUISA FRANCHI.jpg
2;MOVIMENTO 5 STELLE;17;Pizzini Franco;17 FRANCO PIZZINI.jpg
2;MOVIMENTO 5 STELLE;18;Rizzone Alessandro;18 ALESSANDRO RIZZONE.jpg
2;MOVIMENTO 5 STELLE;19;Kofler Hansj�rg;19 HANSJOERG KOFLER.jpg
2;MOVIMENTO 5 STELLE;20;Accettulli Antonio (Michele);20 ANTONIO ACCETTULLI.jpg
2;MOVIMENTO 5 STELLE;21;Di Domenico Elisa;21 ELISA DI DOMENICO.jpg
2;MOVIMENTO 5 STELLE;22;Pizzuto Monica;22 MONICA PIZZUTO.jpg
2;MOVIMENTO 5 STELLE;23; Lorenzi Giacomo;23 GIACOMO LORENZI.jpg
2;MOVIMENTO 5 STELLE;24;Oro Roberto;24 ROBERTO ORO.jpeg
2;MOVIMENTO 5 STELLE;25;Tomaino Maurizio;25 MAURIZIO TOMAINO.jpg
2;MOVIMENTO 5 STELLE;26;Tavernar Giovanna;26 GIOVANNA TAVERNAR.jpg
2;MOVIMENTO 5 STELLE;27;Salerno Denis;27 DENIS SALERNO.jpg
2;MOVIMENTO 5 STELLE;28;Veronese Valter;28 VALTER VERONESE.jpg
2;MOVIMENTO 5 STELLE;29;Boldrin Eddy;29 EDDY BOLDRIN.jpg
2;MOVIMENTO 5 STELLE;30;Recchia Francesca;30 FRANCESCA RECCHIA.jpg
2;MOVIMENTO 5 STELLE;31;Grimaudo Domenico;31 DOMENICO GRIMAUDO.jpg
2;MOVIMENTO 5 STELLE;32;Schiavon Barbara;32 BARBARA SCHIAVON.jpeg
2;MOVIMENTO 5 STELLE;33;Piol Manuela;
2;MOVIMENTO 5 STELLE;34;Lizzo Adriana;34 ADRIANA LIZZO.jpg
3;ENZIAN SÜDTIROL;1;Unterholzner Josef;1 Josef Unterholzner.jpg
3;ENZIAN SÜDTIROL;2;Haller Anita;2 Anita Haller.jpg
3;ENZIAN SÜDTIROL;3;Mauracher Martin;3 Martin Mauracher.jpg
3;ENZIAN SÜDTIROL;4;Hilber Ulrike Maria;4 Ulrike Maria Hilber.jpg
3;ENZIAN SÜDTIROL;5;Ferranti Bruna Patrizia;5 Bruna Patrizia Ferranti.JPG
3;ENZIAN SÜDTIROL;6;Stadler Christian;6 Christian Stadler.jpg
3;ENZIAN SÜDTIROL;7;Netschada Jasmine;7 Jasmine Netschada.jpg
3;ENZIAN SÜDTIROL;8;Moosmair Walter;8 Walter Moosmair.jpg
3;ENZIAN SÜDTIROL;9; Oberrauch Frowin;9 Frowin Oberrauch.JPG
3;ENZIAN SÜDTIROL;10;Barchetti Cristina;10 Cristina Barchetti.jpg
3;ENZIAN SÜDTIROL;11;Leitner Otmar;11 Otmar Leitner.jpg
3;ENZIAN SÜDTIROL;12;Schick Hannes;12 Hannes Schick.JPG
3;ENZIAN SÜDTIROL;13;Pircher Bernhard;13 Bernhard Pircher.jpg
3;ENZIAN SÜDTIROL;14;Farci Serenella;14 Serenella Farci.JPG
3;ENZIAN SÜDTIROL;15;G�gele Angelika;15 Angelika Gogele.jpg
3;ENZIAN SÜDTIROL;16;Kirchler Martin;16 Martin Kirchler.jpg
3;ENZIAN SÜDTIROL;17;Sanoll Heinrich;17 Heinrich Sanoll.jpg
3;ENZIAN SÜDTIROL;18; Zingerle Anna;18 Anna Zingerle.jpg
3;ENZIAN SÜDTIROL;19;Dissertori Martin;19 Martin Dissertori.jpg
3;ENZIAN SÜDTIROL;20;Orlandi Monica;20 Monica Orlandi.JPG
3;ENZIAN SÜDTIROL;21;Perugini Andreas;21 Andreas Perugini.jpg
3;ENZIAN SÜDTIROL;22;Pribyl Jiri;22 Jiri Pribyl.jpg
3;ENZIAN SÜDTIROL;23;Klotz Georg;23 Georg Klotz.png
4;STF SÜDTIROLER FREIHEIT;1;Knoll Sven;1-Sven-Knoll.jpg
4;STF SÜDTIROLER FREIHEIT;2;Atz Tammerle Myriam;2-Myriam-Atz-Tammerle.jpg
4;STF SÜDTIROLER FREIHEIT;3; Zimmerhofer Bernhard;3-Bernhard-Zimmerhofer.jpg
4;STF SÜDTIROLER FREIHEIT;4;Rabensteiner Hannes;4-Hannes-Rabensteiner.jpg
4;STF SÜDTIROLER FREIHEIT;5;Meister Karin;5-Karin-Meister.jpg
4;STF SÜDTIROLER FREIHEIT;6;Pixner Benjamin;6-Benjamin-Pixner.jpg
4;STF SÜDTIROLER FREIHEIT;7;Gasser Jonas;7-Jonas-Gasser.jpg
4;STF SÜDTIROLER FREIHEIT;8;Campidell Reinhild;8-Reinhild-Campidell.jpg
4;STF SÜDTIROLER FREIHEIT;9;Tutzer Andreas Markus;9-Andreas-Tutzer.jpg
4;STF SÜDTIROLER FREIHEIT;10; Malfertheiner Aaron;10-Aaron-Malfertheiner.jpg
4;STF SÜDTIROLER FREIHEIT;11;P�hl Hofer Eva;11-Eva-Pohl-Hofer.jpg
4;STF SÜDTIROLER FREIHEIT;12;Straudi Werner (Bobby);12-Werner-Straudi.jpg
4;STF SÜDTIROLER FREIHEIT;13;Brachetti Peter;13-Peter-Brachetti.jpg
4;STF SÜDTIROLER FREIHEIT;14;Reichhalter Cindy;14-Cindy-Reichhalter.jpg
4;STF SÜDTIROLER FREIHEIT;15;Unterberger Stefan;15-Stefan-Unterberger.jpg
4;STF SÜDTIROLER FREIHEIT;16;Sottsas Andreas;16-Andreas-Sottsas.jpg
4;STF SÜDTIROLER FREIHEIT;17;Oberkofler Berger Maria;17-Maria-Oberkofler-Berger.jpg
4;STF SÜDTIROLER FREIHEIT;18;Lang Norbert;18-Norbert-Lang.jpg
4;STF SÜDTIROLER FREIHEIT;19;Platter Erwin;19-Erwin-Platter.jpg
4;STF SÜDTIROLER FREIHEIT;20; Tappeiner Esther;20-Esther-Tappeiner.jpg
4;STF SÜDTIROLER FREIHEIT;21;Franz Thomas;21-Thomas-Franz.jpg
4;STF SÜDTIROLER FREIHEIT;22;Hilber Bernhard;22-Bernhard-Hilber.jpg
4;STF SÜDTIROLER FREIHEIT;23;Seeber Reichegger Birgit;23-Birgit-Seeber-Reichegger.jpg
4;STF SÜDTIROLER FREIHEIT;24;Andreaus Thomas;24-Thomas-Andreaus.jpg
4;STF SÜDTIROLER FREIHEIT;25;Kirchler Reinhard;25-Reinhard-Kirchler.jpg
4;STF SÜDTIROLER FREIHEIT;26;Tammerle Trocker Stefanie;26-Stefanie-Tammerle-Trocker.jpg
4;STF SÜDTIROLER FREIHEIT;27;Pirhofer Stefan;27-Stefan-Pirhofer.jpg
4;STF SÜDTIROLER FREIHEIT;28;Unterfrauner Konrad;28-Konrad-Unterfrauner.jpg
4;STF SÜDTIROLER FREIHEIT;29;Renner Veronika;29-Veronika-Renner.jpg
4;STF SÜDTIROLER FREIHEIT;30;30. Steinkasserer Laner Walburga;30-Walburga-Laner-Steinkasserer.jpg
5;PD PARTITO DEMOCRATICO - DEMOKRATISCHE PARTEI;1;Repetto Sandro;1 Sandro Repetto.jpg
5;PD PARTITO DEMOCRATICO - DEMOKRATISCHE PARTEI;2;Zanotti Sonia;2 Sonia Zanotti.jpg
5;PD PARTITO DEMOCRATICO - DEMOKRATISCHE PARTEI;3;Cal� Pietro (Peter);3 Pietro (Peter) Calo.jpg
5;PD PARTITO DEMOCRATICO - DEMOKRATISCHE PARTEI;4;Prader Costa Renate;4 Renate Prader Costa.jpg
5;PD PARTITO DEMOCRATICO - DEMOKRATISCHE PARTEI;5;Pisciali Andrea;5 Andrea Pisciali.jpg
5;PD PARTITO DEMOCRATICO - DEMOKRATISCHE PARTEI;6;Rossi Saretto Daniela;6 Daniela Rossi Saretto.JPG
5;PD PARTITO DEMOCRATICO - DEMOKRATISCHE PARTEI;7;Diaby Bassamba;7 Bassamba Diaby.jpg
5;PD PARTITO DEMOCRATICO - DEMOKRATISCHE PARTEI;8;Bonomini Monica;8 Monica Bonomini.jpg
5;PD PARTITO DEMOCRATICO - DEMOKRATISCHE PARTEI;9;Sgarbossa Stefano;9 Stefano Sgarbossa.jpg
5;PD PARTITO DEMOCRATICO - DEMOKRATISCHE PARTEI;10;Paris Elena;10 Elena Paris.jpg
5;PD PARTITO DEMOCRATICO - DEMOKRATISCHE PARTEI;11;De Paola Remo;11 Remo De Paola.jpg
5;PD PARTITO DEMOCRATICO - DEMOKRATISCHE PARTEI;12;Tomi Renata (Gabriella);12 Renata (Gabriella) Tomi.jpg
5;PD PARTITO DEMOCRATICO - DEMOKRATISCHE PARTEI;13;Amodio Francesca;13 Francesca Amodio.jpg
5;PD PARTITO DEMOCRATICO - DEMOKRATISCHE PARTEI;14;Bacchiega Ubaldo;14 Ubaldo Bacchiega.jpg
5;PD PARTITO DEMOCRATICO - DEMOKRATISCHE PARTEI;15;Balbinot Fiorella;15 Fiorella Balbinot.jpg
5;PD PARTITO DEMOCRATICO - DEMOKRATISCHE PARTEI;16;Bratzu Andrea;16 Andrea Bratzu.jpg
5;PD PARTITO DEMOCRATICO - DEMOKRATISCHE PARTEI;17;Bancaro Monica;17 Monica Bancaro.jpg
5;PD PARTITO DEMOCRATICO - DEMOKRATISCHE PARTEI;18;Dellantonio Elio;18 Elio Dellantonio.jpg
5;PD PARTITO DEMOCRATICO - DEMOKRATISCHE PARTEI;19;Bianchin Serena;19 Serena Bianchin
5;PD PARTITO DEMOCRATICO - DEMOKRATISCHE PARTEI;20;Di Lucrezia Daniele;20 Daniele Di Lucrezia.jpg
5;PD PARTITO DEMOCRATICO - DEMOKRATISCHE PARTEI;21;Carlino Rosa;21 Rosa Carlino.jpg
5;PD PARTITO DEMOCRATICO - DEMOKRATISCHE PARTEI;22;Martinelli Andrea;22 Andrea Martinelli.jpg
5;PD PARTITO DEMOCRATICO - DEMOKRATISCHE PARTEI;23;Carrara Alessandra;23 Alessandra Carrara.jpg
5;PD PARTITO DEMOCRATICO - DEMOKRATISCHE PARTEI;24;Nones Giorgio;24 Giorgio Nones.jpg
5;PD PARTITO DEMOCRATICO - DEMOKRATISCHE PARTEI;25;Crestani Angelina;25 Angelina Crestani.jpg
5;PD PARTITO DEMOCRATICO - DEMOKRATISCHE PARTEI;26;Rigotti Mario;26 Mario Rigotti.jpg
5;PD PARTITO DEMOCRATICO - DEMOKRATISCHE PARTEI;27;Endrizzi Sara;27 Sara Endrizzi.jpg
5;PD PARTITO DEMOCRATICO - DEMOKRATISCHE PARTEI;28;Schiavo Silvano;28 Silvano Schiavo.jpg
5;PD PARTITO DEMOCRATICO - DEMOKRATISCHE PARTEI;29;Hameed Humera;29 Humera Hameed.jpg
5;PD PARTITO DEMOCRATICO - DEMOKRATISCHE PARTEI;30;Serafini Antonio (Toni);30 Antonio (Toni) Serafini.jpg
5;PD PARTITO DEMOCRATICO - DEMOKRATISCHE PARTEI;31;Jancarova Ferro Sarka;31 Sarka Jancarova Ferro.jpg
5;PD PARTITO DEMOCRATICO - DEMOKRATISCHE PARTEI;32;Singh Ravinderjit;32 Singh Ravinderjit.jpg
5;PD PARTITO DEMOCRATICO - DEMOKRATISCHE PARTEI;33;Melis Viviana;33 Viviana Melis.jpg
5;PD PARTITO DEMOCRATICO - DEMOKRATISCHE PARTEI;34;Staffler Uwe;34 Uwe Staffler.jpg
5;PD PARTITO DEMOCRATICO - DEMOKRATISCHE PARTEI;35;Syed Mohammad Imtiaz;35 Mohammad Imtiaz Syed.jpg
6;VERDI GRÜNE VERC;1;Foppa Brigitte;1 Foppa Brigitte.jpg
6;VERDI GRÜNE VERC;2;Giunta Sabine;2 Giunta Sabine.jpg
6;VERDI GRÜNE VERC;3;Staffler Hanspeter;3 Staffler Hanspeter.jpg
6;VERDI GRÜNE VERC;4;Oberkofler Zeno;4 Oberkofler Zeno.jpg
6;VERDI GRÜNE VERC;5;Mussner Elide;5 Mussner Elide.jpg
6;VERDI GRÜNE VERC;6;von Wohlgemuth Felix;6 Von Wohlgemuth Felix.jpg
6;VERDI GRÜNE VERC;7;Angelucci Giulio;7 Angelucci Giulio.jpg
6;VERDI GRÜNE VERC;8;Rohrer Madeleine;8 Rohrer Madeleine.jpg
6;VERDI GRÜNE VERC;9;Di Biasio Luca Laurenti;9 Di Biasio Luca.jpg
6;VERDI GRÜNE VERC;10;Zucali Francesca;10 Zucali Francesca.jpg
6;VERDI GRÜNE VERC;11;Renzler Katja Elisabeth;11 Renzler Katja.jpg
6;VERDI GRÜNE VERC;12;Rigamonti Roberta;12 Rigamonti Roberta.jpg
6;VERDI GRÜNE VERC;13;Aichner Peter;13 Aichner Peter.jpg
6;VERDI GRÜNE VERC;14;Bertolini Luca;14 Bertolini Luca.jpg
6;VERDI GRÜNE VERC;15;Bologna Helmut;15 Bologna Helmut.jpg
6;VERDI GRÜNE VERC;16;Brecelj Majda;16 Brecelj Majda.jpg
6;VERDI GRÜNE VERC;17;Casal Lea;17 Casal Lea.jpg
6;VERDI GRÜNE VERC;18; Cristofoletti Camilla;18 Cristofoletti Camilla.jpg
6;VERDI GRÜNE VERC;19;Dondio Elena;19 Dondio Elena.jpg
6;VERDI GRÜNE VERC;20;Fassa Erica;20 Fassa Erica.jpg
6;VERDI GRÜNE VERC;21;Fatnassi Chafai;21 Chafai Fatnassi.jpg
6;VERDI GRÜNE VERC;22;Lemayr Barbara;22 Lemayr Barbara.jpg
6;VERDI GRÜNE VERC;23;Mahlknecht Ingeborg (Inge);23 Mahlknecht Ingeborg (Inge).jpg
6;VERDI GRÜNE VERC;24;Martinolli Giorgia;24 Martinolli Giorgia.jpg
6;VERDI GRÜNE VERC;25;Molin Anna Maria;25 Molin Anna Maria.jpg
6;VERDI GRÜNE VERC;26;Niederkofler Hans Peter;26 Niederkofler Hans Peter.jpg
6;VERDI GRÜNE VERC;27;Ortner Johannes;27 Ortner_Johannes.jpg
6;VERDI GRÜNE VERC;28;Peruffo Antonio;28 Peruffo Antonio.jpg
6;VERDI GRÜNE VERC;29;Planer Tobias (Tobe);29 Planer Tobias (Tobe).jpg
6;VERDI GRÜNE VERC;30;Prenner Gabriel;30 Prenner_Gabriel.jpg
6;VERDI GRÜNE VERC;31;Profanter Simon;31 Profanter Simon.jpg
6;VERDI GRÜNE VERC;32;Rossi Andrea;32 Rossi Andrea.jpg
6;VERDI GRÜNE VERC;33;Stenico Verena;33 Stenico Verena.jpg
6;VERDI GRÜNE VERC;34;Troger Christian;34 Troger Christian.jpg
6;VERDI GRÜNE VERC;35;Vullo Pascal Daniel;35 Vullo Pascal.jpg
7;FRATELLI D´ITALIA;1;Galateo Marco;1. GALATEO MARCO.jpeg
7;FRATELLI D´ITALIA;2;Borin Bruno;2. BORIN BRUNO.jpg
7;FRATELLI D´ITALIA;3;Zampieri Paola;3. ZAMPIERI PAOLA.JPG
7;FRATELLI D´ITALIA;4;Bova Antonio;4. BOVA ANTONIO.PNG
7;FRATELLI D´ITALIA;5;Forest Alessandro;5. FOREST ALESSANDRO.JPG
7;FRATELLI D´ITALIA;6;Stagni Stefano;6. STAGNI STEFANO.jpg
7;FRATELLI D´ITALIA;7;Myftiu Tritan (Tani);7. MYFTIU TRITAN.jpg
7;FRATELLI D´ITALIA;8;Scarafoni Anna;8. SCARAFONI ANNA.jpg
7;FRATELLI D´ITALIA;9;Cantoro Luigi Antonio;9. CANTORO LUIGI ANTONIO.jpg
7;FRATELLI D´ITALIA;10;Valenti Rosa;10. ROSA VALENTI.jpg
7;FRATELLI D´ITALIA;11;Tondini Mario;11. TONDINI MARIO.jpg
7;FRATELLI D´ITALIA;12;Daves Irvin;12. DAVES IRVIN.jpeg
7;FRATELLI D´ITALIA;13;Franchino Linda Zaira;13. FRANCHINO LINDA ZAIRA.JPG
7;FRATELLI D´ITALIA;14;Morato Mauro;14. MORATO MAURO.JPG
7;FRATELLI D´ITALIA;15;Salvadori Diego;15. SALVADORI DIEGO.jpg
7;FRATELLI D´ITALIA;16;Baratto Floriano Pietro;16. BARATTO FLORIANO PIETRO.jpeg
7;FRATELLI D´ITALIA;17;Borgogno Katia;17. BORGOGNO KATIA.jpeg
7;FRATELLI D´ITALIA;18;Calcagno Ornella;18. CALCAGNO ORNELLA.jpeg
7;FRATELLI D´ITALIA;19;Cestari Andrea;19. CESTARI ANDREA.jpg
7;FRATELLI D´ITALIA;20;Coletti Patrizia;20. COLETTI PATRIZIA.jpg
7;FRATELLI D´ITALIA;21;Fermanelli Simona;21. FERMANELLI SIMONA.JPG
7;FRATELLI D´ITALIA;22;Ferraro Pasquale;22. FERRARO PASQUALE.jpg
7;FRATELLI D´ITALIA;23;Jabbour Antoine;23. JABBOUR ANTOINE.JPG
7;FRATELLI D´ITALIA;24;Lenzi Gabriella;24. LENZI GABRIELLA.JPG
7;FRATELLI D´ITALIA;25;Lorenzi Ivo;25. LORENZI IVO.jpeg
7;FRATELLI D´ITALIA;26; Lucci Andrea;26. LUCCI ANDREA.JPG
7;FRATELLI D´ITALIA;27;Nero Ilenia;27. NERO ILENIA.jpg
7;FRATELLI D´ITALIA;28;Norcia Oreste;28. NORCIA ORESTE.jpg
7;FRATELLI D´ITALIA;29;Oliveri Rosanna;29. OLIVERI ROSANNA.jpg
7;FRATELLI D´ITALIA;30;Palazzi Enrico;30. PALAZZI ENRICO.jpg
7;FRATELLI D´ITALIA;31;Pederzini Sandra;31. PEDERZINI SANDRA.jpeg
7;FRATELLI D´ITALIA;32;Poliseno Christian;32. POLISENO CHRISTIAN.jpg
7;FRATELLI D´ITALIA;33;Savio Judith;33. SAVIO JUDITH.jpg
7;FRATELLI D´ITALIA;34;Vicentini Mattia;34. VICENTINI MATTIA.jpg
7;FRATELLI D´ITALIA;35;Zancla Alessandro;35. ZANCLA ALESSANDRO.JPG
8;LA CIVICA;1;Albieri Emanuela;1 ema abieri.jpeg
8;LA CIVICA;2;Gennaccaro Angelo (Genna);2 AngeloGennacaro.jpeg
8;LA CIVICA;3;Zaccaria Nerio;3 NZ - Foto Provinciali 2023.jpg
8;LA CIVICA;4;Gander Stefania;4 Gander.jpeg
8;LA CIVICA;5;Filippin Mattia;5 Foto Mattia Filippin.jpg
8;LA CIVICA;6;Della Ratta Claudio;6 DallaRattaClaudio.jpeg
8;LA CIVICA;7;Hristov Mirche;7 hristov.jpg
8;LA CIVICA;8;Pocher Alex;8 PocherAlex.jpeg
8;LA CIVICA;9;Battisti Giorgia;9 BattistiGiorgia.jpeg
8;LA CIVICA;10;Bonvicini Matteo-Paolo;10 BonviciniMatteoPaolo.jpeg
8;LA CIVICA;11;Chniouli Abdallah (Ab);11 AbdallahChinouli.jpeg
8;LA CIVICA;12;Iann� Carmen Katia;12 carmen katia ianni.jpeg
8;LA CIVICA;13;Cirimbelli Elio;13 Cirimbelli.jpg
8;LA CIVICA;14;Colletti Leonardo;14 CollettiLeonardo.jpeg
8;LA CIVICA;15;Manfredi Giorgia;15 ManfrediGiorgia.jpeg
8;LA CIVICA;16;Dalla Zuanna Renato;16 renato dellazuanna.jpeg
8;LA CIVICA;17;Duso Loris;17 loris duso.jpeg
8;LA CIVICA;18;Marchese Rosalia (Rosi);18 MarcheseRosaria.jpeg
8;LA CIVICA;19;Federico Roberto;19 roberto federico.jpeg
8;LA CIVICA;20;Gambetti Vitantonio;20 Gambetti.jpeg
8;LA CIVICA;21;Marino Pasqualina (Lina);21 PasqualinaMarino.jpg
8;LA CIVICA;22;Kraler Alexander;22 KralerAlexander.jpeg
8;LA CIVICA;23;Nardo Manuel;23 NardoManuel.jpeg
8;LA CIVICA;24;Parise Kathia;24 katia parise.jpeg
8;LA CIVICA;25;Pellizzari Simone;25 PellizzariSimone.jpeg
8;LA CIVICA;26;Roat Giorgio;26 giorgio roat.jpeg
8;LA CIVICA;27;Ravagnani Alice;27 Ravagnani Alice.jpg
8;LA CIVICA;28;Rossi Luigi;28 Luigi Rossi.jpeg
8;LA CIVICA;29;Sciretta Franco;29 franco sciretta.jpeg
8;LA CIVICA;30;Taranto Claudia;30 claudia taranto.jpeg
8;LA CIVICA;31;Tirello Francesco;31 francesco tirello.jpeg
8;LA CIVICA;32;Tinebra Alice;32 Foto Alice Tinebra.jpg
8;LA CIVICA;33;Toccolini Adriano;33 toccolini adriano.jpeg
8;LA CIVICA;34;Tusha Dhurata;34 tusha durata.jpeg
8;LA CIVICA;35;Zine Sekali Samir;35 ZineSekaliSamir.jpeg
9;JWA - WIRTH ANDERLAN;1;Wirth Anderlan J�rgen;liste-jwa-nr1-juergen-wirth-anderlan.jpg
9;JWA - WIRTH ANDERLAN;2;Haller Wilhelm;liste-jwa-nr2-wilhelm-haller.jpg
9;JWA - WIRTH ANDERLAN;3;K�nigsrainer Hartwig (Hartl);liste-jwa-nr3-hartwig-konigsrainer.jpg
9;JWA - WIRTH ANDERLAN;4;Rella Daniel;liste-jwa-nr4-daniel-rella.jpg
9;JWA - WIRTH ANDERLAN;5;Colli Andreas (Colli);liste-jwa-nr5-andreas-colli.jpg
9;JWA - WIRTH ANDERLAN;6;Singer Susanna;liste-jwa-nr6-susanna-singer.jpg
9;JWA - WIRTH ANDERLAN;7;Stecher Daniel;
9;JWA - WIRTH ANDERLAN;8;Kircher Paul;
9;JWA - WIRTH ANDERLAN;9;Galeone Michele;
9;JWA - WIRTH ANDERLAN;10;Liensberger Stefan;
9;JWA - WIRTH ANDERLAN;11;Oberprantacher Artur;
9;JWA - WIRTH ANDERLAN;12;Aichner Ulrike (Ulli);
9;JWA - WIRTH ANDERLAN;13;Major Thomas;
9;JWA - WIRTH ANDERLAN;14;Dunkel Herward Arno;
9;JWA - WIRTH ANDERLAN;15;Bacher Arthur;
9;JWA - WIRTH ANDERLAN;16;Andergassen Wolfgang;
9;JWA - WIRTH ANDERLAN;17;Moser Ulrich Christoph;
9;JWA - WIRTH ANDERLAN;18;Steger Christian;
9;JWA - WIRTH ANDERLAN;19;Hofer Manuela;
9;JWA - WIRTH ANDERLAN;20;Ragginer Evelyn;
9;JWA - WIRTH ANDERLAN;21;Schatzer Monika;
9;JWA - WIRTH ANDERLAN;22;Ritsch Heidi;
9;JWA - WIRTH ANDERLAN;23;Hofer Eva;
9;JWA - WIRTH ANDERLAN;24;Gostner Cornelia;
9;JWA - WIRTH ANDERLAN;25;Rautscher Arno;
9;JWA - WIRTH ANDERLAN;26;Rohregger Sonja;
9;JWA - WIRTH ANDERLAN;27;Fuchs Barbara;
9;JWA - WIRTH ANDERLAN;28;Nusser Manuela;
9;JWA - WIRTH ANDERLAN;29;Hofer Leah Maria;
9;JWA - WIRTH ANDERLAN;30;Stockner Manuela;
9;JWA - WIRTH ANDERLAN;31;Kirchler Hildegard;
9;JWA - WIRTH ANDERLAN;32;Clementi Roman;
9;JWA - WIRTH ANDERLAN;33;Putti Christine;
9;JWA - WIRTH ANDERLAN;34;Scheiber Martin;
9;JWA - WIRTH ANDERLAN;35;Minisini Sonja;
10;DIE FREIHEITLICHEN;1;Zoderer Sabine;1 Sabine Zoderer.jpg
10;DIE FREIHEITLICHEN;2;Mair Ulli;2 Ulli Mair.jpg
10;DIE FREIHEITLICHEN;3;Leiter Andreas (Reber);3 Andreas Leiter Reber.jpg
10;DIE FREIHEITLICHEN;4;Mahlknecht Otto;4 Otto Mahlknecht.jpg
10;DIE FREIHEITLICHEN;5;Stauder Roland;5 Roland Stauder.jpg
10;DIE FREIHEITLICHEN;6;Zwerger Dietmar (Jack);6 Dietmar Zwerger.jpg
10;DIE FREIHEITLICHEN;7;Amort Manuel;7 Manuel Amort.jpg
10;DIE FREIHEITLICHEN;8;Aukenthaler Dieter;8 Dietar Aukenthaler.jpg
10;DIE FREIHEITLICHEN;9;Brugger Josefa (Romy);9 Josefa Brugger.jpg
10;DIE FREIHEITLICHEN;10;Dellagiacoma Josef;10 Josef Dellagiacoma.jpg
10;DIE FREIHEITLICHEN;11;Eder Manuela;11 Manuela Eder.jpg
10;DIE FREIHEITLICHEN;12;Enz Peter;12 Peter Enz.jpg
10;DIE FREIHEITLICHEN;13;Fischer Martin;13 Martin Fischer.jpg
10;DIE FREIHEITLICHEN;14;Frick Walter;14 Walter Frick.jpg
10;DIE FREIHEITLICHEN;15;Gaiser Reinhard;15 Reinhard Gaiser.jpg
10;DIE FREIHEITLICHEN;16;Lanbacher Elisabeth (Lisi);16 Lisi Lanbacher.jpg
10;DIE FREIHEITLICHEN;17;Larcher Marco (Markus);17 Markus Larcher.jpg
10;DIE FREIHEITLICHEN;18;Leiter Christian;18 Christian Leiter.jpg
10;DIE FREIHEITLICHEN;19;Matscher G�nther;19 Gunther Matscher.jpg
10;DIE FREIHEITLICHEN;20;Matscher Julia;20 Julia Matscher.jpg
10;DIE FREIHEITLICHEN;21;Meraner Sonja;21 Sonja Messner.jpg
10;DIE FREIHEITLICHEN;22;Plattner Monika;22 Monika Plattner.jpg
10;DIE FREIHEITLICHEN;23;Reinstaller Renate;23 Renate Reinstaller.jpg
10;DIE FREIHEITLICHEN;24;Rosatti Hubert;24 Hubert Rosatti.jpg
10;DIE FREIHEITLICHEN;25;Sader Michael;25 Michael Sader.jpg
10;DIE FREIHEITLICHEN;26;Stocker Sigmar (Guggi);26 Sigmar Stocker.jpg
10;DIE FREIHEITLICHEN;27;von Ach Florian;27 Florian von Ach.jpg
10;DIE FREIHEITLICHEN;28;Waldner Otto (Saltenhofer);28 Otto Waldner.jpg
11;FORZA ITALIA;1;Vettori Carlo;01) VETTORI.jpg
11;FORZA ITALIA;2;Murano Franco;02) MURANO.jpg
11;FORZA ITALIA;3;D�Amico Daniele;03) D'AMICO.jpg
11;FORZA ITALIA;4;D�Aurelio Maurizio;04) D'AURELIO.jpg
11;FORZA ITALIA;5;Bertoletti Matteo;05) BERTOLETTI.jpg
11;FORZA ITALIA;6;Arman Antonio;06) ARMAN.jpg
11;FORZA ITALIA;7;Spampanato Carmelina;07) SPAMPANATO.jpg
11;FORZA ITALIA;8;Mahmudy Davide;08) MAHMUDY.jpg
11;FORZA ITALIA;9;Sculco Sandra;09) SCULCO.jpg
11;FORZA ITALIA;10;Cutrupi Carmelo;10) CUTRUPI .jpg
11;FORZA ITALIA;11;Mariani Caterina;11) MARIANI.jpg
11;FORZA ITALIA;12;Kiem Bernhard;12) KIEM.jpg
11;FORZA ITALIA;13;Matteazzi Anna;13) MATTEAZZI.jpg
11;FORZA ITALIA;14;Orlandini Antonietta;14) ORLANDINI.jpg
11;FORZA ITALIA;15;Magrelli Lucilla;15) MAGRELLI.jpg
11;FORZA ITALIA;16;Notaristefano Angelo;16) NOTARISTEFANO.jpg
11;FORZA ITALIA;17;Martini Daniela;17) MARTINI.jpg
11;FORZA ITALIA;18;Cappello Paola;18) CAPPELLO.jpg
11;FORZA ITALIA;19;Stocchetti Michela;19) STOCCHETTI.jpg
11;FORZA ITALIA;20;Irsara Siglinde;20) IRSARA.jpg
12;VITA;1;Holzeisen Renate;01-Holzeisen.jpg
12;VITA;2;Tagnin Lorena;02-Tagnin.jpg
12;VITA;3;K�hebacher Hannes;03-Kuehbacher.jpg
12;VITA;4;Pellegrini Mattia;04-Pellegrini.jpg
12;VITA;5;Marotta Mirko;05-Marotta.JPG
12;VITA;6;Felderer Renate;06-Felderer.jpg
12;VITA;7;Sch�pf Rudolf;07-Schoepf.jpg
12;VITA;8;Berti Irene;08-Berti.jpg
12;VITA;9;Adami Maurizio;09-Adami Maurizio.jpg
12;VITA;10;Pichler Brunhilde;10-Pichler.jpg
12;VITA;11;Ravanelli Renato;11-Ravanelli.jpg
12;VITA;12;Demichiel Erwin;12-Demichiel.jpg
12;VITA;13;Adami Giorgio;13-Adami Giorgio.jpg
12;VITA;14;Parente Grazia;14-Parente.jpg
12;VITA;15;Bertagnolli Fabio;15-Bertagnolli.jpg
12;VITA;16;Cossarini Nathalie;16-Cossarini.jpg
13;CENTRO DESTRA;1;Maturi Filippo;1. Filippo Maturi.png
13;CENTRO DESTRA;2;Brillo Patrizia;2.Patrizia Brillo.png
13;CENTRO DESTRA;3;Polato Loris (Vespa);3.Loris Polato.png
13;CENTRO DESTRA;4;Sandroni Marco (Markus);4.Marco Sandroni.png
13;CENTRO DESTRA;5;de Marzani Joachim Vittorio (Dema);5.Joachim Vittorio de Marzani.png
13;CENTRO DESTRA;6;Gruber Paternoster Sabine;6.Sabine Gruber.png
13;CENTRO DESTRA;7;Liverani Amelia (Bianchi);7.Amelia Liverani.png
13;CENTRO DESTRA;8;Fraschetti Antonio (Tony);8.Antonio Fraschetti.png
13;CENTRO DESTRA;9;Battisti Antonio;9. Antonio Battisti.png
13;CENTRO DESTRA;10;Armanini Sergio;10 SERGIOFOTO-1-200x300.jpg
13;CENTRO DESTRA;11;Baffo Angelo;11.Angelo Baffo.png
13;CENTRO DESTRA;12;Piccolin Ettore;12.Ettore Piccolin.png
13;CENTRO DESTRA;13;Gattuso Franceschina;13.Francesca Gattuso.png
13;CENTRO DESTRA;14;Andreani Rosario (Rosario);14.Rosario Andreani.png
13;CENTRO DESTRA;15;Andreani Daniela;15.Daniela Andreani.png
13;CENTRO DESTRA;16;Balasini Elisa (Kiki);16.Elisa Balasini.png
13;CENTRO DESTRA;17;Bettio Lucia;17.Lucia Bettio.png
13;CENTRO DESTRA;18;Brunner Camilla;18.Camilla Brunner.png
13;CENTRO DESTRA;19;Burchiellaro Manola;19.Burchiellaro Manola.png
13;CENTRO DESTRA;20;Corradi Alessio;20.Alessio Corradi.png
13;CENTRO DESTRA;21;Farese Roberto;21. Roberto Farese.png
13;CENTRO DESTRA;22;Fondriest Stefan (N8);22.Stefan Fondriest.png
13;CENTRO DESTRA;23;Fanchin Manuela (Glamour);23. Manuela Fanchin.png
13;CENTRO DESTRA;24;Foraboschi Christian (Bruno);24.Christian Foraboschi.png
13;CENTRO DESTRA;25;Fulciniti Stefano;25.Stefano Fulciniti.png
13;CENTRO DESTRA;26;Galasso Davide;26.Davide Galasso.png
13;CENTRO DESTRA;27;Gigli Sonia;27Sonia Gigli.png
13;CENTRO DESTRA;28;Giardino Emmanuele Antonio;28.Emmanuele Giardino.png
13;CENTRO DESTRA;29;Pintarelli Fabio (Pinta);29.Fabio Pintarelli. png.png
13;CENTRO DESTRA;30;Poltronieri Carla;30.Carla Poltronieri.png
13;CENTRO DESTRA;31;Rinceri Andrea Salvatore;31.Andrea Rinceri.png
13;CENTRO DESTRA;32;Ruzzene Mauro;32. Mauro Ruzzene.png
13;CENTRO DESTRA;33;Salute Sara;33.Sara Salute.png
13;CENTRO DESTRA;34;Scaccia Marcello;34. Marcello Scaccia.png
13;CENTRO DESTRA;35;Sonetti Petra;35. Petra Sonetti.png
14;S�dtiroler Volkspartei ;1;Kompatscher Arno;1 ARNO KOMPATSCHER FOTO_Ivo_Corra.jpg
14;S�dtiroler Volkspartei ;2;Achammer Philipp;2 PHILIPP_ACHAMMER.jpg
14;S�dtiroler Volkspartei ;3;Alfreider Daniel;3 DANIEL_ALFREIDER1.jpg
14;S�dtiroler Volkspartei ;4;Deeg Waltraud;4 WALTRAUD DEEG.png
14;S�dtiroler Volkspartei ;5;Tr�ger Verena;5 VERENA_TROGER.jpg
14;S�dtiroler Volkspartei ;6;Aichner Thomas;6 THOMAS_AICHNER.jpg
14;S�dtiroler Volkspartei ;7;Amhof Magdalena;7 MAGDALENA_AMHOF.jpg
14;S�dtiroler Volkspartei ;8;Brunner Peter;8 PETER_BRUNNER.jpg
14;S�dtiroler Volkspartei ;9;Egartner Christian;9 CHRISTIAN_EGARTNER.jpg
14;S�dtiroler Volkspartei ;10;Frank David Michael;10 DAVID FRANK.jpg
14;S�dtiroler Volkspartei ;11;Hochgruber Kuenzer Maria Magdalena;11 MARIA_HOCHGRUBER_KUNEZER.jpg
14;S�dtiroler Volkspartei ;12;K�nig Anna;12 ANNA_KUNIG.jpg
14;S�dtiroler Volkspartei ;13;Lanz Gerhard (Gert);13 GERT_LANZ.jpg
14;S�dtiroler Volkspartei ;14;Lintner Paul;14 PAUL_LINTNER.jpg
14;S�dtiroler Volkspartei ;15;Locher Franz Thomas;15 FRANZ_LOCHER.jpg
14;S�dtiroler Volkspartei ;16;Markart Annemarie;16 ANNEMARIE_MARKART.jpg
14;S�dtiroler Volkspartei ;17;Mayr Dieter;17 DIETER_MAYR.jpg
14;S�dtiroler Volkspartei ;18;Mayr Manfred;18 MANFRED_MAYR.jpg
14;S�dtiroler Volkspartei ;19;Messner Hubert;19 HUBERT_MESSNER.jpg
14;S�dtiroler Volkspartei ;20;Morandell Gabriele (Gabi);20 GABRIELE MORANDELL.jpg
14;S�dtiroler Volkspartei ;21;Mussak Hannes;21 HANNES_MUSSAK.jpg
14;S�dtiroler Volkspartei ;22;Noggler Josef (Sepp);22 SEPP_NOGGLER.jpg
14;S�dtiroler Volkspartei ;23;Pamer Rosmarie;23 ROSMARIE_PAMER.jpg
14;S�dtiroler Volkspartei ;24;Peintner Stefanie;24 STEFANIE_PEINTNER.jpg
14;S�dtiroler Volkspartei ;25;Perwanger Magdalena;25 Magdalena PERWANGER.JPG
14;S�dtiroler Volkspartei ;26;Renzler Helmuth;26 HALMUT_RENZLER.jpg
14;S�dtiroler Volkspartei ;27;Schuler Arnold;27 ARNOLD_SCHULER.jpg
14;S�dtiroler Volkspartei ;28;Stauder Harald;28 Harald Stauder__by Julia Frank.jpg
14;S�dtiroler Volkspartei ;29;Steger Robert Alexander;29 ROBERT_ALEXANDER_STEGER.jpg
14;S�dtiroler Volkspartei ;30;Tauber Helmut;30 HELMUT TAUBER.jpg
14;S�dtiroler Volkspartei ;31;Telser Jutta Franziska;31 Jutta Telser (2).jpg
14;S�dtiroler Volkspartei ;32;Vallazza Manfred (Manni);32 MANFRED_VALAZZA.jpg
14;S�dtiroler Volkspartei ;33;Von Wenzl Matthias;33 MATTHIAS VON WENZL.jpg
14;S�dtiroler Volkspartei ;34;Von Wohlgemuth Marta;34 MARTA VON WOHLGEMUTH.jpg
14;S�dtiroler Volkspartei ;35;Walcher Luis;35 LUIS_WALCHER.jpg
15;LEGA SALVINI ALTO ADIGE S�DTIROL - UNITI PER L�ALTO ADIGE;1;Bianchi Christian;1 BIANCHI-2053.jpg
15;LEGA SALVINI ALTO ADIGE S�DTIROL - UNITI PER L�ALTO ADIGE;2;Vettorato Giuliano;2 VETTORATO.jpg
15;LEGA SALVINI ALTO ADIGE S�DTIROL - UNITI PER L�ALTO ADIGE;3;Bessone Massimo;3 BESSONE_0006-3.jpg
15;LEGA SALVINI ALTO ADIGE S�DTIROL - UNITI PER L�ALTO ADIGE;4;Mattei Rita;4 MATTEI-2348.jpg
15;LEGA SALVINI ALTO ADIGE S�DTIROL - UNITI PER L�ALTO ADIGE;5;Selle Roberto;5 SELLE_1352.jpg
15;LEGA SALVINI ALTO ADIGE S�DTIROL - UNITI PER L�ALTO ADIGE;6;Oberrauch Maria Christine (Bensi);6 Oberrauch.jpg
15;LEGA SALVINI ALTO ADIGE S�DTIROL - UNITI PER L�ALTO ADIGE;7;Monteleone Alexander (Monte);7 MONTELEONE.jpg
15;LEGA SALVINI ALTO ADIGE S�DTIROL - UNITI PER L�ALTO ADIGE;8;Pedri Valter;8 PEDRI-1916.jpg
15;LEGA SALVINI ALTO ADIGE S�DTIROL - UNITI PER L�ALTO ADIGE;9;Parise Martine;9 PARISE-2166.jpg
15;LEGA SALVINI ALTO ADIGE S�DTIROL - UNITI PER L�ALTO ADIGE;10;Ploner Margareta (Maggy);10 PLONER-1938.jpg
15;LEGA SALVINI ALTO ADIGE S�DTIROL - UNITI PER L�ALTO ADIGE;11;Dallago Luca;11 DALLAGO LUCA-2481.jpg
15;LEGA SALVINI ALTO ADIGE S�DTIROL - UNITI PER L�ALTO ADIGE;12;Adami Sabrina;12 ADAMI-2140.jpg
15;LEGA SALVINI ALTO ADIGE S�DTIROL - UNITI PER L�ALTO ADIGE;13;Bondoni Alan;13 BONDONI-2022.jpg
15;LEGA SALVINI ALTO ADIGE S�DTIROL - UNITI PER L�ALTO ADIGE;14;Bergo Tania;14 BERGO-1984.jpg
15;LEGA SALVINI ALTO ADIGE S�DTIROL - UNITI PER L�ALTO ADIGE;15;De Iorio Oscar;15 DEIORIO-OSCAR.jpg
15;LEGA SALVINI ALTO ADIGE S�DTIROL - UNITI PER L�ALTO ADIGE;16;Schileo Alessandra;16 SCHILEO_0019-2.jpg
15;LEGA SALVINI ALTO ADIGE S�DTIROL - UNITI PER L�ALTO ADIGE;17;Stancher Renato;17 STANCHER RENATO-2566.jpg
15;LEGA SALVINI ALTO ADIGE S�DTIROL - UNITI PER L�ALTO ADIGE;18;Brunner Monika;18 BRUNNER-2152.jpg
15;LEGA SALVINI ALTO ADIGE S�DTIROL - UNITI PER L�ALTO ADIGE;19;Marzaro Alessandro;19 MARZARO-2195.jpg
15;LEGA SALVINI ALTO ADIGE S�DTIROL - UNITI PER L�ALTO ADIGE;20;Morandell Maximilian (Max);20 MORANDELL-1906.jpg
15;LEGA SALVINI ALTO ADIGE S�DTIROL - UNITI PER L�ALTO ADIGE;21;Zattin Menapace Mirko;21 ZATTIN MENAPACE MIRKO -2576.jpg
15;LEGA SALVINI ALTO ADIGE S�DTIROL - UNITI PER L�ALTO ADIGE;22;Luggin Robert;22 LUGGIN-1997.jpg
15;LEGA SALVINI ALTO ADIGE S�DTIROL - UNITI PER L�ALTO ADIGE;23;Belluzzo Daniela;23 BELLUZZO-2212.jpg
15;LEGA SALVINI ALTO ADIGE S�DTIROL - UNITI PER L�ALTO ADIGE;24;Giorio Lucio;24 GIORIO-2181.jpg
15;LEGA SALVINI ALTO ADIGE S�DTIROL - UNITI PER L�ALTO ADIGE;25;Bighignoli Daniela;25 BIGHIGNOLI-1892.jpg
15;LEGA SALVINI ALTO ADIGE S�DTIROL - UNITI PER L�ALTO ADIGE;26;Pakulska Sylwia Malgorzata;26 PAKULSKA-1969.jpg
15;LEGA SALVINI ALTO ADIGE S�DTIROL - UNITI PER L�ALTO ADIGE;27;Cavallaro Davide;27 CAVALLARO-2127.jpg
15;LEGA SALVINI ALTO ADIGE S�DTIROL - UNITI PER L�ALTO ADIGE;28;Segna Luca Simone;28 SEGNA_1337.jpg
15;LEGA SALVINI ALTO ADIGE S�DTIROL - UNITI PER L�ALTO ADIGE;29;Munteanu Flavius Florin;29 MUNTEANU-2370.jpg
15;LEGA SALVINI ALTO ADIGE S�DTIROL - UNITI PER L�ALTO ADIGE;30;Bazzoli Massimo;30 BAZZOLI MAX-2412.jpg
15;LEGA SALVINI ALTO ADIGE S�DTIROL - UNITI PER L�ALTO ADIGE;31;Salober Iris;31 SALOBER-2020.jpg
15;LEGA SALVINI ALTO ADIGE S�DTIROL - UNITI PER L�ALTO ADIGE;32;Mos� Andrea;32 MOSE-2117.jpg
15;LEGA SALVINI ALTO ADIGE S�DTIROL - UNITI PER L�ALTO ADIGE;33;Flaim Stefania;33 StefaniaFlaim.jpg
15;LEGA SALVINI ALTO ADIGE S�DTIROL - UNITI PER L�ALTO ADIGE;34;Stocker Rosmarie (Rosi);34 STOCKER.jpg
15;LEGA SALVINI ALTO ADIGE S�DTIROL - UNITI PER L�ALTO ADIGE;35;Lotti Claudio (Caio);35 LOTTI-1954.jpg
16;F�R S�DTIROL MIT WIDMANN;1;Widmann Thomas ;1-Thomas Widmann.jpg
16;F�R S�DTIROL MIT WIDMANN;2;Moroder  Ewald ;2-Ewald Moroder.jpg
16;F�R S�DTIROL MIT WIDMANN;3;Rubatscher Marina ;3-Marina Rubatscher.jpg
16;F�R S�DTIROL MIT WIDMANN;4;Nogler Laura ;4-Laura Nogler Nicolussi.jpg
16;F�R S�DTIROL MIT WIDMANN;5;Demetz  Sabine ;5- Sabine Demetz.jpg
16;F�R S�DTIROL MIT WIDMANN;6;G�nsbacher  Bernhard Franz Georg ;6-Bernd Gansbacher.jpg
16;F�R S�DTIROL MIT WIDMANN;7;Haller  Anna Maria ;7-Anna Maria Haller.jpg
16;F�R S�DTIROL MIT WIDMANN;8;Haller  Evelyn ;8- Haller Eyelyn.jpg
16;F�R S�DTIROL MIT WIDMANN;9;Holzner  Bettina ;9-Bettina Holzner.jpg
16;F�R S�DTIROL MIT WIDMANN;10;Hofer  Eberhard ;10- Eberhard Hofer.jpg
16;F�R S�DTIROL MIT WIDMANN;11;Karadar  Peter ;11-Peter Karadar.jpg
16;F�R S�DTIROL MIT WIDMANN;12;Kiem  Silke ;12-Silke Kiem.jpg
16;F�R S�DTIROL MIT WIDMANN;13;Kritzinger  Elias ;13-Elias Kritzinger.jpg
16;F�R S�DTIROL MIT WIDMANN;14;Lobis  Mathias ;14- Lobis Mathias.jpg
16;F�R S�DTIROL MIT WIDMANN;15;Montecchio  Paolo ;15-Paolo Montecchio.jpg
16;F�R S�DTIROL MIT WIDMANN;16;M�nster  Julia  ;16- Muunster Julia.jpg
16;F�R S�DTIROL MIT WIDMANN;17;Ploner  Kurt ;17-Kurt Ploner.jpg
16;F�R S�DTIROL MIT WIDMANN;18;Pohl  Heiner ;18-Heiner Pohl.jpg
16;F�R S�DTIROL MIT WIDMANN;19;Recla  Luca ;19-Luca Recla.jpg
16;F�R S�DTIROL MIT WIDMANN;20;Streitberger  Arianne Christine Constanze ;20-Arianne Christine Constanze Streitberger.jpg
16;F�R S�DTIROL MIT WIDMANN;21;Traut  Michael ;21-Michael Traut.jpg
16;F�R S�DTIROL MIT WIDMANN;22;Vigna Hermes ;22- Hermes Vigna.jpg
